{"4": {"4": 0.10029752762952748, "5": 0.1199900294719638, "6": 0.13606602103693066, "7": 0.10781321918882125, "8": 0.08766366294487793, "9": 0.10582177134890891, "10": 0.05476386549276735, "11": 0.05854060087309487, "12": 0.039776068210813476}}{"4": {"4": 0.10029752762952748, "5": 0.1199900294719638, "6": 0.13606602103693066, "7": 0.10781321918882125, "8": 0.08766366294487793, "9": 0.10582177134890891, "10": 0.05476386549276735, "11": 0.05854060087309487, "12": 0.039776068210813476, "13": 0.03638583929807515, "14": 0.045294366415935094, "15": 0.06171375871613671, "16": 0.06328626292272066, "17": 0.10904183178991977, "18": 0.09123767222856638, "19": 0.1123413078976303, "20": 0.1133682318195639, "21": 0.04514103111432477, "22": 0.014777195523643538}}